{
	"Model": {
		"FileName": "model_normalized.obj",
		"FilePath": "02880940\\da5f13f4048dbd72fcb8d8c6d4df8143\\models\\model_normalized.obj",
		"Scale": 0.371307164
	},
	"Trajectory": [
		[
			{
				"Rotation": {
					"x": 0.237627745,
					"y": -0.2410057,
					"z": -0.493221641,
					"w": 0.801362455
				},
				"Position": {
					"x": 0.269684,
					"y": 0.878625631,
					"z": -0.03320293
				}
			}
		],
		[
			{
				"Rotation": {
					"x": 0.237627745,
					"y": -0.2410057,
					"z": -0.493221641,
					"w": 0.801362455
				},
				"Position": {
					"x": 0.269684,
					"y": 0.878625631,
					"z": -0.03320293
				}
			}
		]
	]
}